{
  "project_info": {
    "project_number": "459370361368",
    "firebase_url": "https://vadproject4350.firebaseio.com",
    "project_id": "vadproject4350",
    "storage_bucket": "vadproject4350.appspot.com"
  },
  "client": [
    {
      "client_info": {
        "mobilesdk_app_id": "1:459370361368:android:1aae843ab591b0d4",
        "android_client_info": {
          "package_name": "com.immobility.vadbookresource"
        }
      },
      "oauth_client": [
        {
          "client_id": "459370361368-pr63fk01hsu6lmcts7nmft81rqrsqjv6.apps.googleusercontent.com",
          "client_type": 3
        }
      ],
      "api_key": [
        {
          "current_key": "AIzaSyCC5Oe2j3ut45-DfkjuVs9kyuCfLtqo98w"
        }
      ],
      "services": {
        "appinvite_service": {
          "other_platform_oauth_client": [
            {
              "client_id": "459370361368-pr63fk01hsu6lmcts7nmft81rqrsqjv6.apps.googleusercontent.com",
              "client_type": 3
            }
          ]
        }
      }
    }
  ],
  "configuration_version": "1"
}